<?xml version="1.0" encoding="UTF-8"?>
<project-private xmlns="http://www.netbeans.org/ns/project-private/1">
    <editor-bookmarks xmlns="http://www.netbeans.org/ns/editor-bookmarks/2" lastBookmarkId="0"/>
    <open-files xmlns="http://www.netbeans.org/ns/projectui-open-files/2">
        <group>
            <file>file:/C:/Users/siyam/OneDrive/Documents/NetBeansProjects/SIYAMEMS/src/MyHashTable.java</file>
            <file>file:/C:/Users/siyam/OneDrive/Documents/NetBeansProjects/SIYAMEMS/src/RemoveEmp_jFrame.java</file>
            <file>file:/C:/Users/siyam/OneDrive/Documents/NetBeansProjects/SIYAMEMS/src/Main_jFrame.java</file>
            <file>file:/C:/Users/siyam/OneDrive/Documents/NetBeansProjects/SIYAMEMS/employeeinfo.txt</file>
            <file>file:/C:/Users/siyam/OneDrive/Documents/NetBeansProjects/SIYAMEMS/src/EditJFrame.java</file>
            <file>file:/C:/Users/siyam/OneDrive/Documents/NetBeansProjects/SIYAMEMS/src/FTE.java</file>
            <file>file:/C:/Users/siyam/OneDrive/Documents/NetBeansProjects/SIYAMEMS/src/DisplayAllEmps_jFrame.java</file>
            <file>file:/C:/Users/siyam/OneDrive/Documents/NetBeansProjects/SIYAMEMS/src/SaveJFrame.java</file>
            <file>file:/C:/Users/siyam/OneDrive/Documents/NetBeansProjects/SIYAMEMS/src/PTE.java</file>
        </group>
    </open-files>
</project-private>
